{"right_hand": {"grab_strength": 0.0, "index": {"direction": [-0.09425587207078934, 0.12304404377937317, -0.9879149794578552], "bone_1": {"direction": [0.09596040844917297, -0.28067055344581604, 0.9549951553344727], "center": [-13.196096420288086, 151.92538452148438, -20.98975372314453], "next_joint": [-15.131336212158203, 157.58567810058594, -40.249202728271484], "width": 18.15948486328125, "length": 40.334129333496094, "prev_joint": [-11.260856628417969, 146.26507568359375, -1.7303040027618408]}, "bone_0": {"direction": [0.3655015826225281, -0.2233511507511139, 0.9036164879798889], "center": [1.3615422248840332, 138.5517578125, 29.47559928894043], "next_joint": [-11.260856628417969, 146.26507568359375, -1.7303040027618408], "width": 18.15948486328125, "length": 69.06890869140625, "prev_joint": [13.983941078186035, 130.8384552001953, 60.68150329589844]}, "bone_3": {"direction": [0.09107235819101334, 0.007393301464617252, 0.9958169460296631], "center": [-18.00058364868164, 160.31846618652344, -70.65336608886719], "next_joint": [-18.731000900268555, 160.25917053222656, -78.63999938964844], "width": 18.15948486328125, "length": 16.040372848510742, "prev_joint": [-17.270166397094727, 160.3777618408203, -62.666725158691406]}, "bone_2": {"direction": [0.09425583481788635, -0.1230439841747284, 0.9879149198532104], "center": [-16.20075225830078, 158.98171997070312, -51.45796203613281], "next_joint": [-17.270166397094727, 160.3777618408203, -62.666725158691406], "width": 18.15948486328125, "length": 22.691753387451172, "prev_joint": [-15.131336212158203, 157.58567810058594, -40.249202728271484]}, "stabilized_tip_position": [-19.119625091552734, 156.22732543945312, -73.35419464111328], "width": 18.15948486328125, "length": 55.209903717041016, "tip_position": [-18.56565284729004, 159.89840698242188, -75.14984130859375], "tip_velocity": [-0.3277740478515625, 3.9787192344665527, -1.3551735877990723]}, "confidence": 1.0, "thumb": {"direction": [-0.7431096434593201, 0.2869671583175659, -0.6045145988464355], "bone_1": {"direction": [0.6953490376472473, -0.27044424414634705, 0.6658450365066528], "center": [-8.569723129272461, 116.15563201904297, 48.84947204589844], "next_joint": [-24.863088607788086, 122.49266052246094, 33.247440338134766], "width": 19.011186599731445, "length": 46.86384582519531, "prev_joint": [7.723642349243164, 109.818603515625, 64.45149993896484]}, "bone_0": {"direction": [0.0, 0.0, 0.0], "center": [7.723642349243164, 109.818603515625, 64.45149993896484], "next_joint": [7.723642349243164, 109.818603515625, 64.45149993896484], "width": 19.011186599731445, "length": 0.0, "prev_joint": [7.723642349243164, 109.818603515625, 64.45149993896484]}, "bone_3": {"direction": [0.8677453994750977, -0.3287118077278137, 0.37278205156326294], "center": [-58.1828498840332, 135.28961181640625, 9.80171012878418], "next_joint": [-67.7158432006836, 138.90081787109375, 5.7063517570495605], "width": 19.011186599731445, "length": 21.971866607666016, "prev_joint": [-48.64985656738281, 131.67840576171875, 13.897068977355957]}, "bone_2": {"direction": [0.7431097626686096, -0.2869669795036316, 0.6045146584510803], "center": [-36.756473541259766, 127.08553314208984, 23.572254180908203], "next_joint": [-48.64985656738281, 131.67840576171875, 13.897068977355957], "width": 19.011186599731445, "length": 32.009765625, "prev_joint": [-24.863088607788086, 122.49266052246094, 33.247440338134766]}, "stabilized_tip_position": [-62.950565338134766, 134.5592498779297, 8.846997261047363], "width": 19.011186599731445, "length": 48.9281005859375, "tip_position": [-63.532508850097656, 137.36666870117188, 7.782478332519531], "tip_velocity": [0.2991403043270111, 0.5421855449676514, -1.8881890773773193]}, "stabilized_palm_position": [16.230331420898438, 133.71678161621094, 13.42252254486084], "sphere_radius": 190.68045043945312, "palm_position": [16.359012603759766, 136.3299102783203, 13.951559066772461], "direction": [-0.20104436576366425, 0.37552961707115173, -0.9047423005104065], "pinky": {"direction": [-0.04228195175528526, 0.08811051398515701, -0.9952129125595093], "bone_1": {"direction": [-0.012975988909602165, -0.21704290807247162, 0.9760757684707642], "center": [49.64813232421875, 144.79144287109375, -18.48473358154297], "next_joint": [49.86351013183594, 148.3939208984375, -34.685672760009766], "width": 15.07511043548584, "length": 33.196067810058594, "prev_joint": [49.43275833129883, 141.18894958496094, -2.2837955951690674]}, "bone_0": {"direction": [-0.05571453273296356, -0.2708105444908142, 0.9610190391540527], "center": [47.91626739501953, 133.81777954101562, 23.87413215637207], "next_joint": [49.43275833129883, 141.18894958496094, -2.2837955951690674], "width": 15.07511043548584, "length": 54.43789291381836, "prev_joint": [46.399776458740234, 126.44659423828125, 50.03205871582031]}, "bone_3": {"direction": [0.08502186834812164, 0.01422975491732359, 0.9962775707244873], "center": [48.399192810058594, 149.89669799804688, -61.02108383178711], "next_joint": [47.71126937866211, 149.78155517578125, -69.08212280273438], "width": 15.07511043548584, "length": 16.182315826416016, "prev_joint": [49.087120056152344, 150.01182556152344, -52.960044860839844]}, "bone_2": {"direction": [0.04228180646896362, -0.08811026066541672, 0.995212972164154], "center": [49.47531509399414, 149.202880859375, -43.82286071777344], "next_joint": [49.087120056152344, 150.01182556152344, -52.960044860839844], "width": 15.07511043548584, "length": 18.362272262573242, "prev_joint": [49.86351013183594, 148.3939208984375, -34.685672760009766]}, "stabilized_tip_position": [49.134544372558594, 146.75662231445312, -63.526084899902344], "width": 15.07511043548584, "length": 47.420692443847656, "tip_position": [48.2119255065918, 149.47137451171875, -65.53339385986328], "tip_velocity": [-0.13761748373508453, 3.8460729122161865, -1.8521373271942139]}, "middle": {"direction": [-0.056859180331230164, 0.06028039753437042, -0.9965607523918152], "bone_1": {"direction": [0.029755938798189163, -0.22996681928634644, 0.9727434515953064], "center": [8.371807098388672, 154.05206298828125, -27.294368743896484], "next_joint": [7.698553562164307, 159.25526428222656, -49.30351257324219], "width": 17.83502769470215, "length": 45.25168991088867, "prev_joint": [9.045060157775879, 148.848876953125, -5.2852253913879395]}, "bone_0": {"direction": [0.23465663194656372, -0.23285773396492004, 0.9437762498855591], "center": [16.73004913330078, 141.22280883789062, 25.62338638305664], "next_joint": [9.045060157775879, 148.848876953125, -5.2852253913879395], "width": 17.83502769470215, "length": 65.49987030029297, "prev_joint": [24.4150390625, 133.5967254638672, 56.53199768066406]}, "bone_3": {"direction": [0.07752195000648499, 0.07823137938976288, 0.9939165711402893], "center": [5.496760845184326, 160.17446899414062, -84.67599487304688], "next_joint": [4.812924861907959, 159.484375, -93.44352722167969], "width": 17.83502769470215, "length": 17.642383575439453, "prev_joint": [6.180596828460693, 160.86456298828125, -75.9084701538086]}, "bone_2": {"direction": [0.056859180331230164, -0.06028063967823982, 0.9965607523918152], "center": [6.9395751953125, 160.05990600585938, -62.60599136352539], "next_joint": [6.180596828460693, 160.86456298828125, -75.9084701538086], "width": 17.83502769470215, "length": 26.696775436401367, "prev_joint": [7.698553562164307, 159.25526428222656, -49.30351257324219]}, "stabilized_tip_position": [3.8420004844665527, 155.4277801513672, -86.93535614013672], "width": 17.83502769470215, "length": 62.90725326538086, "tip_position": [4.954928398132324, 159.5240478515625, -89.58817291259766], "tip_velocity": [-0.2581294775009155, 1.694699764251709, -2.2842507362365723]}, "palm_velocity": [0.7981905937194824, 2.407923460006714, 0.06545482575893402], "palm_normal": [-0.04746568948030472, -0.9262498617172241, -0.3739092946052551], "palm_width": 85.42359924316406,